id,Accuracy,Precision,Recall,F1
1,0.825,0.44966442953020136,0.41875,0.43365695792880254
2,0.844,0.5909090909090909,0.08125,0.14285714285714285
3,0.823,0.4484848484848485,0.4625,0.4553846153846154
4,0.836,0.47560975609756095,0.24375,0.32231404958677684
5,0.838,0.48333333333333334,0.18125,0.2636363636363636
6,0.806,0.415,0.51875,0.4611111111111111
7,0.831,0.4645669291338583,0.36875,0.4111498257839722
8,0.833,0.4728682170542636,0.38125,0.42214532871972316
9,0.839,0.4935064935064935,0.2375,0.3206751054852321
10,0.844,0.5625,0.1125,0.18749999999999997
11,0.84,0.5,0.1125,0.18367346938775508
12,0.833,0.47651006711409394,0.44375,0.459546925566343
13,0.822,0.4444444444444444,0.45,0.4472049689440994
14,0.842,0.5125,0.25625,0.3416666666666667
15,0.833,0.46846846846846846,0.325,0.38376383763837635
16,0.827,0.45806451612903226,0.44375,0.45079365079365075
17,0.804,0.4158878504672897,0.55625,0.4759358288770053
18,0.842,0.5263157894736842,0.125,0.20202020202020202
19,0.84,0.5,0.4,0.4444444444444445
20,0.831,0.46564885496183206,0.38125,0.41924398625429554
21,0.81,0.41935483870967744,0.4875,0.4508670520231214
22,0.833,0.47368421052631576,0.39375,0.4300341296928327
23,0.807,0.41450777202072536,0.5,0.45325779036827196
24,0.836,0.4772727272727273,0.2625,0.3387096774193549
25,0.816,0.43478260869565216,0.5,0.46511627906976744
26,0.843,0.5365853658536586,0.1375,0.21890547263681595
27,0.839,0.49382716049382713,0.25,0.33195020746887965
28,0.839,0.49019607843137253,0.15625,0.2369668246445497
29,0.806,0.41237113402061853,0.5,0.4519774011299435
30,0.826,0.4583333333333333,0.48125,0.46951219512195125
31,0.818,0.42948717948717946,0.41875,0.4240506329113924
32,0.841,0.5116279069767442,0.1375,0.21674876847290644
33,0.821,0.4409937888198758,0.44375,0.44236760124610597
34,0.828,0.463855421686747,0.48125,0.4723926380368098
35,0.843,0.5283018867924528,0.175,0.26291079812206575
36,0.822,0.4476744186046512,0.48125,0.463855421686747
37,0.833,0.47244094488188976,0.375,0.41811846689895465
38,0.843,0.5111111111111111,0.43125,0.4677966101694915
39,0.81,0.42105263157894735,0.5,0.45714285714285713
40,0.845,0.5641025641025641,0.1375,0.22110552763819097
41,0.809,0.41798941798941797,0.49375,0.45272206303724927
42,0.845,0.5581395348837209,0.15,0.23645320197044334
43,0.828,0.45774647887323944,0.40625,0.4304635761589404
44,0.839,0.49056603773584906,0.1625,0.24413145539906103
45,0.807,0.41361256544502617,0.49375,0.4501424501424502
46,0.845,0.5454545454545454,0.1875,0.27906976744186046
47,0.843,0.5185185185185185,0.2625,0.3485477178423236
48,0.842,0.5185185185185185,0.175,0.26168224299065423
49,0.842,0.5089285714285714,0.35625,0.41911764705882354
50,0.845,0.5510204081632653,0.16875,0.2583732057416268
51,0.84,0.5,0.1875,0.2727272727272727
52,0.81,0.421875,0.50625,0.4602272727272727
53,0.8,0.4180327868852459,0.6375,0.5049504950495051
54,0.841,0.509090909090909,0.175,0.26046511627906976
55,0.842,0.5121951219512195,0.2625,0.34710743801652894
56,0.842,0.5178571428571429,0.18125,0.2685185185185185
57,0.843,0.5137614678899083,0.35,0.4163568773234201
58,0.843,0.5263157894736842,0.1875,0.2764976958525346
59,0.843,0.5254237288135594,0.19375,0.28310502283105027
60,0.815,0.43315508021390375,0.50625,0.4668587896253602
61,0.837,0.48314606741573035,0.26875,0.3453815261044177
62,0.813,0.4293193717277487,0.5125,0.4672364672364672
63,0.842,0.5138888888888888,0.23125,0.31896551724137934
64,0.845,0.5555555555555556,0.15625,0.24390243902439024
65,0.841,0.5045045045045045,0.35,0.41328413284132837
66,0.827,0.4585987261146497,0.45,0.45425867507886436
67,0.813,0.42702702702702705,0.49375,0.4579710144927537
68,0.842,0.5147058823529411,0.21875,0.30701754385964913
69,0.815,0.4293785310734463,0.475,0.4510385756676558
70,0.844,0.5434782608695652,0.15625,0.24271844660194175
71,0.815,0.42857142857142855,0.46875,0.4477611940298507
72,0.838,0.4880952380952381,0.25625,0.3360655737704918
73,0.845,0.5531914893617021,0.1625,0.25120772946859904
74,0.832,0.4722222222222222,0.425,0.4473684210526316
75,0.842,0.5079365079365079,0.4,0.44755244755244755
76,0.833,0.4588235294117647,0.24375,0.3183673469387755
77,0.834,0.45588235294117646,0.19375,0.2719298245614035
78,0.84,0.5,0.1875,0.2727272727272727
79,0.825,0.453416149068323,0.45625,0.45482866043613707
80,0.839,0.4909090909090909,0.16875,0.2511627906976744
81,0.832,0.45121951219512196,0.23125,0.3057851239669422
82,0.846,0.5625,0.16875,0.25961538461538464
83,0.799,0.41125541125541126,0.59375,0.48593350383631717
84,0.839,0.4909090909090909,0.16875,0.2511627906976744
85,0.84,0.5,0.18125,0.2660550458715596
86,0.838,0.4878048780487805,0.25,0.3305785123966942
87,0.84,0.5,0.31875,0.3893129770992366
88,0.832,0.45121951219512196,0.23125,0.3057851239669422
89,0.84,0.5,0.1375,0.21568627450980396
90,0.818,0.4375,0.48125,0.45833333333333337
91,0.834,0.4594594594594595,0.2125,0.2905982905982906
92,0.84,0.5,0.29375,0.3700787401574803
93,0.841,0.5036496350364964,0.43125,0.4646464646464647
94,0.835,0.4778761061946903,0.3375,0.39560439560439564
95,0.84,0.5,0.2,0.28571428571428575
96,0.838,0.4927536231884058,0.425,0.4563758389261745
97,0.843,0.5294117647058824,0.16875,0.2559241706161137
98,0.836,0.4714285714285714,0.20625,0.28695652173913044
99,0.841,0.5098039215686274,0.1625,0.24644549763033177
100,0.837,0.4838709677419355,0.28125,0.35573122529644274
101,0.836,0.47435897435897434,0.23125,0.3109243697478991
102,0.83,0.45098039215686275,0.2875,0.35114503816793885
103,0.839,0.4925373134328358,0.20625,0.2907488986784141
104,0.826,0.45625,0.45625,0.45625
105,0.843,0.5294117647058824,0.16875,0.2559241706161137
106,0.841,0.5038167938931297,0.4125,0.4536082474226804
107,0.842,0.5080645161290323,0.39375,0.4436619718309859
108,0.845,0.5490196078431373,0.175,0.2654028436018957
109,0.823,0.4472049689440994,0.45,0.4485981308411215
110,0.797,0.4122448979591837,0.63125,0.4987654320987654
111,0.795,0.4050632911392405,0.6,0.4836272040302267
112,0.838,0.48214285714285715,0.16875,0.25
113,0.839,0.49333333333333335,0.23125,0.3148936170212766
114,0.838,0.49295774647887325,0.4375,0.4635761589403974
115,0.834,0.4666666666666667,0.2625,0.336
116,0.835,0.4675324675324675,0.225,0.30379746835443033
117,0.834,0.45714285714285713,0.2,0.2782608695652174
118,0.832,0.4722222222222222,0.425,0.4473684210526316
119,0.817,0.4303030303030303,0.44375,0.4369230769230769
120,0.843,0.5254237288135594,0.19375,0.28310502283105027
121,0.814,0.42528735632183906,0.4625,0.44311377245508987
122,0.843,0.5130434782608696,0.36875,0.42909090909090913
123,0.844,0.5526315789473685,0.13125,0.21212121212121215
124,0.835,0.48322147651006714,0.45,0.46601941747572817
125,0.844,0.5454545454545454,0.15,0.2352941176470588
126,0.844,0.524390243902439,0.26875,0.35537190082644626
127,0.835,0.48299319727891155,0.44375,0.46254071661237783
128,0.839,0.4925373134328358,0.20625,0.2907488986784141
129,0.82,0.4375,0.4375,0.4375
130,0.846,0.5652173913043478,0.1625,0.2524271844660194
131,0.835,0.4647887323943662,0.20625,0.2857142857142857
132,0.843,0.5365853658536586,0.1375,0.21890547263681595
133,0.842,0.5131578947368421,0.24375,0.33050847457627114
134,0.836,0.4859154929577465,0.43125,0.45695364238410596
135,0.844,0.5370370370370371,0.18125,0.27102803738317754
136,0.836,0.4863013698630137,0.44375,0.4640522875816993
137,0.836,0.47674418604651164,0.25625,0.33333333333333326
138,0.837,0.4805194805194805,0.23125,0.31223628691983124
139,0.837,0.4782608695652174,0.20625,0.28820960698689957
140,0.844,0.5476190476190477,0.14375,0.22772277227722768
141,0.82,0.4411764705882353,0.46875,0.45454545454545453
142,0.842,0.5185185185185185,0.175,0.26168224299065423
143,0.833,0.45569620253164556,0.225,0.301255230125523
144,0.838,0.48863636363636365,0.26875,0.3467741935483871
145,0.848,0.5526315789473685,0.2625,0.3559322033898305
146,0.843,0.5294117647058824,0.16875,0.2559241706161137
147,0.797,0.4052863436123348,0.575,0.47545219638242886
148,0.832,0.46153846153846156,0.3,0.3636363636363637
149,0.839,0.49333333333333335,0.23125,0.3148936170212766
150,0.844,0.54,0.16875,0.2571428571428572
151,0.84,0.5,0.16875,0.25233644859813087
152,0.845,0.5581395348837209,0.15,0.23645320197044334
153,0.843,0.5348837209302325,0.14375,0.22660098522167485
154,0.843,0.5405405405405406,0.125,0.20304568527918782
155,0.847,0.574468085106383,0.16875,0.26086956521739135
156,0.839,0.49206349206349204,0.19375,0.2780269058295964
157,0.843,0.5405405405405406,0.125,0.20304568527918782
158,0.838,0.484375,0.19375,0.2767857142857143
159,0.835,0.48299319727891155,0.44375,0.46254071661237783
160,0.838,0.4864864864864865,0.225,0.3076923076923077
161,0.846,0.5517241379310345,0.2,0.29357798165137616
162,0.843,0.514018691588785,0.34375,0.41198501872659177
163,0.839,0.4936708860759494,0.24375,0.3263598326359833
164,0.847,0.5714285714285714,0.175,0.26794258373205737
165,0.842,0.5384615384615384,0.0875,0.15053763440860213
166,0.842,0.5185185185185185,0.175,0.26168224299065423
167,0.843,0.5223880597014925,0.21875,0.30837004405286345
168,0.796,0.4090909090909091,0.61875,0.4925373134328359
169,0.839,0.4961832061068702,0.40625,0.4467353951890034
170,0.846,0.575,0.14375,0.22999999999999995
171,0.787,0.3952569169960474,0.625,0.48426150121065376
172,0.846,0.575,0.14375,0.22999999999999995
173,0.845,0.5609756097560976,0.14375,0.2288557213930348
174,0.813,0.4228571428571429,0.4625,0.4417910447761194
175,0.836,0.4807692307692308,0.3125,0.37878787878787873
176,0.846,0.5416666666666666,0.24375,0.33620689655172414
177,0.846,0.56,0.175,0.26666666666666666
178,0.845,0.5581395348837209,0.15,0.23645320197044334
179,0.837,0.47692307692307695,0.19375,0.27555555555555555
180,0.817,0.4342857142857143,0.475,0.45373134328358206
181,0.835,0.45901639344262296,0.175,0.25339366515837103
182,0.841,0.5034965034965035,0.45,0.47524752475247534
183,0.846,0.5652173913043478,0.1625,0.2524271844660194
184,0.846,0.5625,0.16875,0.25961538461538464
185,0.832,0.46551724137931033,0.3375,0.3913043478260869
186,0.842,0.5172413793103449,0.1875,0.27522935779816515
187,0.835,0.4626865671641791,0.19375,0.27312775330396477
188,0.844,0.5357142857142857,0.1875,0.2777777777777778
189,0.838,0.4880952380952381,0.25625,0.3360655737704918
190,0.843,0.5272727272727272,0.18125,0.2697674418604651
191,0.833,0.47651006711409394,0.44375,0.459546925566343
192,0.846,0.5576923076923077,0.18125,0.27358490566037735
193,0.842,0.5277777777777778,0.11875,0.19387755102040816
194,0.845,0.5925925925925926,0.1,0.17112299465240643
195,0.84,0.5,0.3625,0.42028985507246375
196,0.835,0.4725274725274725,0.26875,0.3426294820717132
197,0.845,0.5581395348837209,0.15,0.23645320197044334
198,0.786,0.39849624060150374,0.6625,0.49765258215962443
199,0.846,0.5652173913043478,0.1625,0.2524271844660194
200,0.836,0.4852941176470588,0.4125,0.44594594594594594
201,0.844,0.5256410256410257,0.25625,0.3445378151260504
202,0.847,0.5660377358490566,0.1875,0.28169014084507044
203,0.847,0.5660377358490566,0.1875,0.28169014084507044
204,0.837,0.4896551724137931,0.44375,0.46557377049180326
205,0.841,0.5037593984962406,0.41875,0.4573378839590444
206,0.847,0.5660377358490566,0.1875,0.28169014084507044
207,0.848,0.5869565217391305,0.16875,0.2621359223300971
208,0.842,0.5238095238095238,0.1375,0.21782178217821782
209,0.796,0.4126984126984127,0.65,0.5048543689320388
210,0.834,0.4625,0.23125,0.30833333333333335
211,0.791,0.4,0.6125,0.48395061728395056
212,0.845,0.5510204081632653,0.16875,0.2583732057416268
213,0.836,0.47435897435897434,0.23125,0.3109243697478991
214,0.846,0.5625,0.16875,0.25961538461538464
215,0.836,0.47619047619047616,0.25,0.32786885245901637
216,0.821,0.4512820512820513,0.55,0.49577464788732395
217,0.794,0.39823008849557523,0.5625,0.4663212435233161
218,0.815,0.43243243243243246,0.5,0.463768115942029
219,0.836,0.4782608695652174,0.275,0.34920634920634924
220,0.836,0.4791666666666667,0.2875,0.359375
221,0.786,0.3969465648854962,0.65,0.4928909952606635
222,0.847,0.5466666666666666,0.25625,0.3489361702127659
223,0.782,0.39097744360902253,0.65,0.488262910798122
224,0.839,0.49606299212598426,0.39375,0.4390243902439024
225,0.835,0.4731182795698925,0.275,0.3478260869565218
226,0.841,0.5070422535211268,0.225,0.3116883116883117
227,0.844,0.5526315789473685,0.13125,0.21212121212121215
228,0.846,0.5652173913043478,0.1625,0.2524271844660194
229,0.825,0.42424242424242425,0.2625,0.32432432432432434
230,0.844,0.5714285714285714,0.1,0.1702127659574468
231,0.836,0.4722222222222222,0.2125,0.29310344827586204
232,0.832,0.47333333333333333,0.44375,0.45806451612903226
233,0.839,0.4942528735632184,0.26875,0.3481781376518218
234,0.842,0.5161290322580645,0.2,0.2882882882882883
235,0.846,0.5625,0.16875,0.25961538461538464
236,0.847,0.5813953488372093,0.15625,0.24630541871921183
237,0.839,0.4953271028037383,0.33125,0.39700374531835203
238,0.844,0.5285714285714286,0.23125,0.3217391304347826
239,0.839,0.49230769230769234,0.2,0.2844444444444445
240,0.845,0.5609756097560976,0.14375,0.2288557213930348
241,0.839,0.49473684210526314,0.29375,0.3686274509803922
242,0.846,0.5714285714285714,0.15,0.23762376237623759
243,0.84,0.5,0.3875,0.4366197183098592
244,0.842,0.5172413793103449,0.1875,0.27522935779816515
245,0.843,0.512396694214876,0.3875,0.44128113879003555
246,0.787,0.39271255060728744,0.60625,0.4766584766584766
247,0.845,0.5581395348837209,0.15,0.23645320197044334
248,0.843,0.5319148936170213,0.15625,0.24154589371980675
249,0.847,0.5686274509803921,0.18125,0.27488151658767773
250,0.835,0.4742268041237113,0.2875,0.35797665369649806
251,0.841,0.5068493150684932,0.23125,0.3175965665236052
252,0.845,0.5609756097560976,0.14375,0.2288557213930348
253,0.837,0.4854368932038835,0.3125,0.38022813688212925
254,0.843,0.5405405405405406,0.125,0.20304568527918782
255,0.842,0.5131578947368421,0.24375,0.33050847457627114
256,0.84,0.5,0.3875,0.4366197183098592
257,0.841,0.5040650406504065,0.3875,0.43816254416961126
258,0.78,0.391304347826087,0.675,0.4954128440366973
259,0.797,0.411522633744856,0.625,0.49627791563275436
260,0.84,0.5,0.33125,0.39849624060150374
261,0.791,0.40239043824701193,0.63125,0.49148418491484186
262,0.84,0.5,0.20625,0.29203539823008845
263,0.781,0.3886792452830189,0.64375,0.48470588235294126
264,0.846,0.5714285714285714,0.15,0.23762376237623759
265,0.846,0.575,0.14375,0.22999999999999995
266,0.839,0.4953271028037383,0.33125,0.39700374531835203
267,0.789,0.38461538461538464,0.53125,0.44619422572178485
268,0.841,0.5072463768115942,0.21875,0.3056768558951965
269,0.845,0.5454545454545454,0.1875,0.27906976744186046
270,0.835,0.47191011235955055,0.2625,0.3373493975903615
271,0.845,0.5609756097560976,0.14375,0.2288557213930348
272,0.843,0.5348837209302325,0.14375,0.22660098522167485
273,0.849,0.6,0.16875,0.2634146341463415
274,0.848,0.6,0.15,0.24
275,0.849,0.6,0.16875,0.2634146341463415
276,0.834,0.46938775510204084,0.2875,0.35658914728682173
277,0.844,0.5185185185185185,0.35,0.417910447761194
278,0.836,0.4885057471264368,0.53125,0.5089820359281438
279,0.839,0.4909090909090909,0.16875,0.2511627906976744
280,0.788,0.3968253968253968,0.625,0.4854368932038835
281,0.839,0.4931506849315068,0.225,0.3090128755364807
282,0.839,0.4918032786885246,0.1875,0.27149321266968324
283,0.838,0.4878048780487805,0.25,0.3305785123966942
284,0.837,0.4823529411764706,0.25625,0.3346938775510204
285,0.835,0.4691358024691358,0.2375,0.3153526970954357
286,0.828,0.44,0.275,0.3384615384615385
287,0.797,0.4085106382978723,0.6,0.4860759493670886
288,0.844,0.5588235294117647,0.11875,0.1958762886597938
289,0.846,0.5714285714285714,0.15,0.23762376237623759
290,0.846,0.5454545454545454,0.225,0.31858407079646023
291,0.83,0.44565217391304346,0.25625,0.3253968253968254
292,0.803,0.41148325358851673,0.5375,0.46612466124661245
293,0.801,0.40930232558139534,0.55,0.4693333333333333
294,0.839,0.4925373134328358,0.20625,0.2907488986784141
295,0.839,0.4925373134328358,0.20625,0.2907488986784141
296,0.846,0.56,0.175,0.26666666666666666
297,0.79,0.40310077519379844,0.65,0.4976076555023924
298,0.845,0.5641025641025641,0.1375,0.22110552763819097
299,0.783,0.38271604938271603,0.58125,0.46153846153846156
300,0.844,0.5588235294117647,0.11875,0.1958762886597938
301,0.847,0.5777777777777777,0.1625,0.25365853658536586
302,0.838,0.48214285714285715,0.16875,0.25
303,0.841,0.5172413793103449,0.09375,0.15873015873015875
304,0.79,0.3983739837398374,0.6125,0.48275862068965514
305,0.831,0.45454545454545453,0.28125,0.34749034749034746
306,0.844,0.5588235294117647,0.11875,0.1958762886597938
307,0.842,0.5294117647058824,0.1125,0.18556701030927836
308,0.836,0.4824561403508772,0.34375,0.40145985401459855
309,0.836,0.4818181818181818,0.33125,0.39259259259259266
310,0.839,0.4927536231884058,0.2125,0.29694323144104806
311,0.846,0.5681818181818182,0.15625,0.2450980392156863
312,0.845,0.5757575757575758,0.11875,0.19689119170984454
313,0.834,0.4583333333333333,0.20625,0.28448275862068967
314,0.835,0.47368421052631576,0.28125,0.35294117647058826
315,0.845,0.5757575757575758,0.11875,0.19689119170984454
316,0.794,0.40336134453781514,0.6,0.4824120603015075
317,0.845,0.5609756097560976,0.14375,0.2288557213930348
318,0.846,0.5681818181818182,0.15625,0.2450980392156863
319,0.84,0.5,0.375,0.42857142857142855
320,0.846,0.5681818181818182,0.15625,0.2450980392156863
321,0.844,0.5476190476190477,0.14375,0.22772277227722768
322,0.838,0.4915254237288136,0.3625,0.41726618705035967
323,0.787,0.3852813852813853,0.55625,0.4552429667519181
324,0.844,0.55,0.1375,0.22000000000000003
325,0.836,0.47058823529411764,0.2,0.2807017543859649
326,0.789,0.398406374501992,0.625,0.48661800486618
327,0.846,0.5681818181818182,0.15625,0.2450980392156863
328,0.847,0.5813953488372093,0.15625,0.24630541871921183
329,0.845,0.5581395348837209,0.15,0.23645320197044334
330,0.842,0.5084745762711864,0.375,0.4316546762589928
331,0.847,0.5660377358490566,0.1875,0.28169014084507044
332,0.841,0.504,0.39375,0.44210526315789467
333,0.846,0.5681818181818182,0.15625,0.2450980392156863
334,0.848,0.6,0.15,0.24
335,0.786,0.38934426229508196,0.59375,0.47029702970297027
336,0.845,0.5675675675675675,0.13125,0.21319796954314724
337,0.846,0.5882352941176471,0.125,0.20618556701030927
338,0.845,0.5714285714285714,0.125,0.20512820512820512
339,0.844,0.5357142857142857,0.1875,0.2777777777777778
340,0.839,0.49206349206349204,0.19375,0.2780269058295964
341,0.83,0.47023809523809523,0.49375,0.48170731707317077
342,0.801,0.4039408866995074,0.5125,0.45179063360881544
343,0.844,0.55,0.1375,0.22000000000000003
344,0.816,0.4294117647058823,0.45625,0.4424242424242424
345,0.834,0.46808510638297873,0.275,0.3464566929133859
346,0.836,0.47368421052631576,0.225,0.30508474576271183
347,0.842,0.5080645161290323,0.39375,0.4436619718309859
348,0.835,0.48322147651006714,0.45,0.46601941747572817
349,0.835,0.4796747967479675,0.36875,0.4169611307420495
350,0.843,0.5319148936170213,0.15625,0.24154589371980675
351,0.843,0.5217391304347826,0.225,0.314410480349345
352,0.845,0.5581395348837209,0.15,0.23645320197044334
353,0.844,0.5344827586206896,0.19375,0.28440366972477066
354,0.787,0.39271255060728744,0.60625,0.4766584766584766
355,0.847,0.5813953488372093,0.15625,0.24630541871921183
356,0.831,0.4563106796116505,0.29375,0.3574144486692016
357,0.835,0.4838709677419355,0.46875,0.47619047619047616
358,0.83,0.46987951807228917,0.4875,0.4785276073619632
359,0.832,0.4701492537313433,0.39375,0.42857142857142855
360,0.776,0.3814814814814815,0.64375,0.4790697674418604
361,0.788,0.396,0.61875,0.4829268292682927
362,0.845,0.5555555555555556,0.15625,0.24390243902439024
363,0.847,0.5813953488372093,0.15625,0.24630541871921183
364,0.834,0.4765625,0.38125,0.4236111111111111
365,0.787,0.38427947598253276,0.55,0.45244215938303345
366,0.847,0.5897435897435898,0.14375,0.23115577889447236
367,0.835,0.463768115942029,0.2,0.2794759825327511
368,0.796,0.405982905982906,0.59375,0.48223350253807107
369,0.841,0.5046728971962616,0.3375,0.4044943820224719
370,0.845,0.5675675675675675,0.13125,0.21319796954314724
371,0.838,0.4857142857142857,0.2125,0.2956521739130435
372,0.849,0.6666666666666666,0.1125,0.1925133689839572
373,0.838,0.49193548387096775,0.38125,0.4295774647887324
374,0.844,0.5434782608695652,0.15625,0.24271844660194175
375,0.848,0.5952380952380952,0.15625,0.24752475247524752
376,0.845,0.5510204081632653,0.16875,0.2583732057416268
377,0.842,0.5208333333333334,0.15625,0.2403846153846154
378,0.833,0.46153846153846156,0.2625,0.3346613545816733
379,0.813,0.42105263157894735,0.45,0.43504531722054385
380,0.845,0.5581395348837209,0.15,0.23645320197044334
381,0.84,0.5,0.2625,0.34426229508196726
382,0.786,0.3911290322580645,0.60625,0.47549019607843135
383,0.832,0.45454545454545453,0.25,0.3225806451612903
384,0.846,0.5714285714285714,0.15,0.23762376237623759
385,0.79,0.3922413793103448,0.56875,0.46428571428571425
386,0.846,0.59375,0.11875,0.19791666666666666
387,0.789,0.3967611336032389,0.6125,0.48157248157248167
388,0.845,0.5609756097560976,0.14375,0.2288557213930348
389,0.84,0.5,0.375,0.42857142857142855
390,0.805,0.41935483870967744,0.56875,0.4827586206896552
391,0.827,0.44036697247706424,0.3,0.35687732342007433
392,0.832,0.47333333333333333,0.44375,0.45806451612903226
393,0.799,0.4149377593360996,0.625,0.49875311720698257
394,0.847,0.5777777777777777,0.1625,0.25365853658536586
395,0.842,0.5238095238095238,0.1375,0.21782178217821782
396,0.843,0.5128205128205128,0.375,0.4332129963898917
397,0.846,0.5555555555555556,0.1875,0.2803738317757009
398,0.79,0.3983739837398374,0.6125,0.48275862068965514
399,0.843,0.5306122448979592,0.1625,0.2488038277511962
400,0.843,0.5333333333333333,0.15,0.23414634146341465
401,0.847,0.5853658536585366,0.15,0.23880597014925373
402,0.844,0.5185185185185185,0.35,0.417910447761194
403,0.843,0.5319148936170213,0.15625,0.24154589371980675
404,0.839,0.4927536231884058,0.2125,0.29694323144104806
405,0.847,0.5853658536585366,0.15,0.23880597014925373
406,0.847,0.5897435897435898,0.14375,0.23115577889447236
407,0.837,0.4794520547945205,0.21875,0.30042918454935624
408,0.833,0.47368421052631576,0.39375,0.4300341296928327
409,0.844,0.5454545454545454,0.15,0.2352941176470588
410,0.838,0.4864864864864865,0.225,0.3076923076923077
411,0.838,0.4921875,0.39375,0.43749999999999994
412,0.839,0.4959349593495935,0.38125,0.431095406360424
413,0.84,0.5,0.25,0.3333333333333333
414,0.841,0.5087719298245614,0.18125,0.26728110599078336
415,0.841,0.5035971223021583,0.4375,0.46822742474916385
416,0.791,0.40160642570281124,0.625,0.4889975550122249
417,0.837,0.4782608695652174,0.20625,0.28820960698689957
418,0.811,0.431924882629108,0.575,0.4932975871313673
419,0.796,0.4017857142857143,0.5625,0.46875
420,0.834,0.4722222222222222,0.31875,0.3805970149253731
421,0.787,0.3944223107569721,0.61875,0.4817518248175182
422,0.845,0.5581395348837209,0.15,0.23645320197044334
423,0.841,0.5102040816326531,0.15625,0.23923444976076555
424,0.788,0.3992248062015504,0.64375,0.492822966507177
425,0.836,0.4855072463768116,0.41875,0.4496644295302013
426,0.835,0.4675324675324675,0.225,0.30379746835443033
427,0.837,0.48598130841121495,0.325,0.3895131086142322
428,0.838,0.484375,0.19375,0.2767857142857143
429,0.836,0.4824561403508772,0.34375,0.40145985401459855
430,0.806,0.4174757281553398,0.5375,0.46994535519125685
431,0.835,0.48366013071895425,0.4625,0.47284345047923326
432,0.788,0.3943089430894309,0.60625,0.4778325123152709
433,0.844,0.5454545454545454,0.15,0.2352941176470588
434,0.838,0.4861111111111111,0.21875,0.3017241379310345
435,0.843,0.5294117647058824,0.16875,0.2559241706161137
436,0.846,0.575,0.14375,0.22999999999999995
437,0.837,0.4819277108433735,0.25,0.3292181069958848
438,0.837,0.48717948717948717,0.35625,0.4115523465703971
439,0.843,0.5365853658536586,0.1375,0.21890547263681595
440,0.846,0.5714285714285714,0.15,0.23762376237623759
441,0.785,0.39543726235741444,0.65,0.49172576832151305
442,0.834,0.47058823529411764,0.3,0.36641221374045807
443,0.796,0.405982905982906,0.59375,0.48223350253807107
444,0.846,0.5833333333333334,0.13125,0.2142857142857143
445,0.845,0.5609756097560976,0.14375,0.2288557213930348
446,0.835,0.47191011235955055,0.2625,0.3373493975903615
447,0.848,0.6111111111111112,0.1375,0.22448979591836737
448,0.791,0.3991769547325103,0.60625,0.4813895781637717
449,0.837,0.4881889763779528,0.3875,0.43205574912891986
450,0.798,0.4027777777777778,0.54375,0.4627659574468085
451,0.836,0.48484848484848486,0.4,0.4383561643835617
452,0.844,0.5476190476190477,0.14375,0.22772277227722768
453,0.845,0.5609756097560976,0.14375,0.2288557213930348
454,0.791,0.4008097165991903,0.61875,0.48648648648648646
455,0.795,0.4050632911392405,0.6,0.4836272040302267
456,0.844,0.5454545454545454,0.15,0.2352941176470588
457,0.842,0.5227272727272727,0.14375,0.22549019607843135
458,0.797,0.4092827004219409,0.60625,0.4886649874055416
459,0.833,0.4567901234567901,0.23125,0.3070539419087137
460,0.789,0.3905579399141631,0.56875,0.4631043256997455
461,0.838,0.49166666666666664,0.36875,0.4214285714285715
462,0.783,0.39080459770114945,0.6375,0.48456057007125897
463,0.839,0.4927536231884058,0.2125,0.29694323144104806
464,0.823,0.4491017964071856,0.46875,0.45871559633027525
465,0.837,0.4805194805194805,0.23125,0.31223628691983124
466,0.781,0.39114391143911437,0.6625,0.4918793503480278
467,0.844,0.5416666666666666,0.1625,0.25
468,0.841,0.5094339622641509,0.16875,0.2535211267605634
469,0.831,0.4536082474226804,0.275,0.3424124513618677
470,0.848,0.6,0.15,0.24
471,0.838,0.4897959183673469,0.3,0.37209302325581395
472,0.842,0.5172413793103449,0.1875,0.27522935779816515
473,0.782,0.3875968992248062,0.625,0.4784688995215311
474,0.803,0.4280155642023346,0.6875,0.5275779376498801
475,0.836,0.47368421052631576,0.225,0.30508474576271183
476,0.839,0.4959349593495935,0.38125,0.431095406360424
477,0.778,0.3892857142857143,0.68125,0.4954545454545455
478,0.835,0.48175182481751827,0.4125,0.4444444444444444
479,0.783,0.39245283018867927,0.65,0.48941176470588243
480,0.836,0.484375,0.3875,0.43055555555555564
481,0.841,0.5111111111111111,0.14375,0.224390243902439
482,0.784,0.3870967741935484,0.6,0.47058823529411764
483,0.844,0.5434782608695652,0.15625,0.24271844660194175
484,0.841,0.5084745762711864,0.1875,0.273972602739726
485,0.832,0.46,0.2875,0.35384615384615387
486,0.826,0.4573170731707317,0.46875,0.462962962962963
487,0.837,0.4727272727272727,0.1625,0.24186046511627904
488,0.838,0.4807692307692308,0.15625,0.23584905660377356
489,0.801,0.410958904109589,0.5625,0.47493403693931396
490,0.782,0.39015151515151514,0.64375,0.4858490566037736
491,0.792,0.4016393442622951,0.6125,0.48514851485148514
492,0.787,0.39357429718875503,0.6125,0.4792176039119804
493,0.841,0.5098039215686274,0.1625,0.24644549763033177
494,0.843,0.5283018867924528,0.175,0.26291079812206575
495,0.832,0.4574468085106383,0.26875,0.33858267716535434
496,0.846,0.5833333333333334,0.13125,0.2142857142857143
497,0.781,0.3861003861003861,0.625,0.477326968973747
498,0.846,0.5789473684210527,0.1375,0.22222222222222227
499,0.812,0.43137254901960786,0.55,0.4835164835164835
500,0.835,0.4782608695652174,0.34375,0.4
